epoch,timestamp,average_loss,output1_loss,output2_loss,output3_loss
1,2025-03-07 20:39:28,-59.32808389489641,-58.69731386569368,-66.51870631044652,-54.40818983466686
2,2025-03-07 20:41:30,-79.61203515830161,-79.41266696192638,-89.19752681956572,-72.57243670936393
3,2025-03-07 20:43:31,-97.1362096321683,-96.04666105639033,-109.69906943184989,-88.53121800783302
4,2025-03-07 20:45:33,-112.42189981156037,-112.18254044476677,-125.52894342246177,-102.77112528055656
5,2025-03-07 20:47:35,-128.0058053281127,-128.87617774771041,-141.5661794838785,-117.18273425703289
6,2025-03-07 20:49:36,-144.63751175824333,-146.4780732483423,-158.79700155819162,-132.63746207101005
7,2025-03-07 20:51:38,-161.5677941586791,-164.9483991991572,-176.05091511702338,-148.16998489764558
8,2025-03-07 20:53:40,-178.87886983406645,-184.00810882824808,-193.60415162158614,-163.98796055897944
9,2025-03-07 20:55:42,-196.42540914070707,-203.1535293194426,-211.46295448110885,-180.10114358853892
10,2025-03-07 20:57:45,-212.51072846741235,-220.57530340627463,-227.81995731642266,-194.98035680947183
11,2025-03-07 20:59:47,-232.86242714248786,-242.71417428665802,-248.624828563017,-213.65179161264115
12,2025-03-07 21:01:50,-252.32102196957885,-263.8048159815684,-268.495476346056,-231.57731654062994
11,2025-03-11 19:26:42,-232.03869436568573,-241.86809033305704,-247.74783838095786,-212.884769984654
12,2025-03-11 19:29:17,-252.27977066681166,-263.771730695452,-268.4469649370979,-231.53538231088334
13,2025-03-11 19:31:52,-271.7929287437631,-284.9392688655052,-288.35100202800845,-249.51459637810203
14,2025-03-11 19:34:25,-290.7297413289046,-305.37782018324907,-307.6880970161502,-267.0248919575154
15,2025-03-11 19:37:00,-311.87558457831375,-328.3107592157957,-329.2659365870372,-286.5064077938304
16,2025-03-11 19:39:35,-332.6727428275998,-350.76966075736937,-350.5108319450827,-305.7214574733702
17,2025-03-11 19:42:09,-353.8835562056854,-373.7344242384454,-372.14886192514115,-325.29640184931395
11,2025-03-11 21:51:39,-232.77778587020745,-242.63235512100349,-248.53101983591287,-213.57191121077338
12,2025-03-11 21:54:15,-251.857161449785,-263.338355056378,-267.99780029809773,-231.14076450892858
13,2025-03-11 21:56:49,-272.23379093458675,-285.39728334571134,-288.8206490909352,-249.92100512079833
14,2025-03-11 21:59:23,-292.2326771712103,-307.0168023630351,-309.24607631138394,-268.3845184069722
15,2025-03-11 22:01:59,-312.484510662175,-328.93679835215335,-329.91100048417803,-287.0754013702649
16,2025-03-11 22:04:35,-329.9599552955948,-347.93602848854385,-347.637196132115,-303.21994358351253
17,2025-03-11 22:07:12,-352.4457956522453,-372.15478054014574,-370.6640840418199,-324.0003085096343
18,2025-03-11 22:09:49,-375.175560959247,-396.6507678632977,-393.91849626813615,-345.0119282698431
19,2025-03-11 22:12:25,-398.4184057412027,-421.84975196133144,-417.63788611147584,-366.43024733086594
20,2025-03-11 22:15:00,-421.8123748522847,-447.23303607331604,-441.4936910677357,-387.9858531791623
21,2025-03-11 22:17:36,-445.4390374191669,-472.7408611393776,-465.62551700367646,-409.8227726271173
22,2025-03-11 22:20:11,-468.9944645216485,-498.23671151810333,-489.659367409073,-431.56406921899617
23,2025-03-11 22:22:46,-493.208748953683,-524.419964189289,-514.3730866247867,-453.9270419593619
24,2025-03-11 22:25:21,-517.8261005818343,-551.0382990476464,-539.5076286251806,-476.65576787355565
25,2025-03-11 22:27:56,-541.0022826635537,-575.992558583492,-563.1697605678013,-498.13391805696887
26,2025-03-11 22:30:30,-566.6651477974002,-603.7314258222821,-589.3722500841156,-521.8350632611443
27,2025-03-11 22:33:09,-591.9530916614693,-631.1103707962677,-615.157687660025,-545.1816390862986
28,2025-03-11 22:35:42,-619.0447772370667,-660.3846507352941,-642.8226256811319,-570.2064267967929
29,2025-03-11 22:38:16,-646.7666333623293,-690.385281089975,-671.1140362394958,-595.7920342453388
30,2025-03-11 22:40:49,-673.9078702525932,-719.7198450425092,-698.8181295955883,-620.8661422088367
31,2025-03-11 22:43:24,-701.321861972328,-749.3828325031184,-726.7737144662552,-646.1871768727023
32,2025-03-11 22:45:59,-729.3119014451484,-779.6530966878939,-755.3375695493041,-672.0366841805081
33,2025-03-11 22:48:34,-757.7835370232077,-810.4466173188025,-784.4145282136292,-698.3129092945773
34,2025-03-11 22:51:09,-786.5125614454766,-841.4857172605371,-813.7328521984966,-724.8674136891085
35,2025-03-11 22:53:44,-813.4601230140494,-870.3345116366859,-841.3175489922531,-749.9111958992581
36,2025-03-11 22:56:20,-844.1925864339877,-903.7856147830225,-872.5928631950827,-778.1975287429425
37,2025-03-11 22:58:56,-873.7040143694196,-935.7207554408482,-902.6884904108127,-805.453021907005
38,2025-03-11 23:01:34,-905.274573574547,-969.8154245584952,-934.9360664431788,-834.6227529830292
39,2025-03-11 23:04:10,-934.736225032005,-1001.7031778287487,-964.9775031594669,-861.8299852900144
40,2025-03-11 23:06:48,-965.4163033621652,-1034.8367463440454,-996.2937334846048,-890.1928177521008
41,2025-03-11 23:09:24,-997.3411388236935,-1069.3692196116729,-1028.8703956924567,-919.6730562097886
42,2025-03-11 23:12:01,-1028.8389651514904,-1103.4318457851891,-1060.9930943080358,-948.7786239495798
43,2025-03-11 23:14:37,-1057.598604602974,-1134.3845009683562,-1090.4028976825105,-975.4058899438681
44,2025-03-11 23:17:13,-1091.0035733775933,-1170.3119773544183,-1124.5482982988117,-1006.3636469480371
45,2025-03-11 23:19:48,-1124.825120429031,-1207.1484467322084,-1158.9556812959559,-1037.4846242696296
46,2025-03-11 23:22:23,-1158.053111869748,-1243.0455168395483,-1192.8640762457326,-1068.200493820575
47,2025-03-11 23:25:03,-1191.1102643694196,-1278.8501007336529,-1226.575758477219,-1098.7061541901917
48,2025-03-11 23:27:38,-1225.231874097295,-1315.7358347147454,-1261.3922621783088,-1130.2335128143054
49,2025-03-11 23:30:11,-1260.4330428948924,-1353.812930836397,-1297.30715044807,-1162.7424552340467
50,2025-03-11 23:32:46,-1294.2324331588104,-1390.3399873621324,-1331.7962954224658,-1193.9787736139378
51,2025-03-11 23:35:23,-1327.9732132599133,-1426.8579952977284,-1366.2091433741466,-1225.132586823792
52,2025-03-11 23:38:01,-1364.3863186876313,-1466.1591868681066,-1403.384369665835,-1258.8080254562763
51,2025-03-12 00:46:27,-1325.6589078502495,-1424.198000098477,-1363.8899582293855,-1223.0811890674238
52,2025-03-12 00:49:07,-1358.8401135356487,-1459.9182436646533,-1397.8109120601366,-1253.8033006171217
53,2025-03-12 00:51:41,-1398.5837720342042,-1503.1035781988576,-1438.2786034335609,-1290.4226658925288
54,2025-03-12 00:54:15,-1435.5155737099528,-1543.0506899537158,-1475.9409292525604,-1324.5451147255778
55,2025-03-12 00:56:49,-1471.5600308971245,-1582.0348310711004,-1512.719968651523,-1357.8338551240809
56,2025-03-12 00:59:24,-1509.1810343766413,-1622.704065659467,-1551.099817612592,-1392.5995303883271
57,2025-03-12 01:01:57,-1545.9918069278492,-1662.50989590172,-1588.6549400521928,-1426.6057611032695
58,2025-03-12 01:04:31,-1582.9937672334559,-1702.5786594422925,-1626.3869341681984,-1460.7600723394826
59,2025-03-12 01:07:04,-1619.7964687828257,-1742.2521818786108,-1663.9775400883009,-1494.8187317407433
60,2025-03-12 01:09:38,-1658.9501245322347,-1784.6731941800158,-1703.8774742318803,-1530.9621489709166
61,2025-03-12 01:12:11,-1696.359488863905,-1825.0559964220063,-1742.061843487395,-1565.5602134896928
62,2025-03-12 01:14:45,-1735.2102440585609,-1866.9845719537816,-1781.7639867958903,-1601.4640149028362
63,2025-03-12 01:17:17,-1773.1304039193803,-1908.0143232586004,-1820.3736202977284,-1636.5348803095458
64,2025-03-12 01:19:50,-1814.60572930344,-1952.960974428834,-1862.6536054851629,-1674.8032144498425
65,2025-03-12 01:22:24,-1853.2817311006434,-1994.7355290260637,-1902.142710453322,-1710.5454870913209
66,2025-03-12 01:24:57,-1893.5942793132879,-2038.3653164390757,-1943.2335964170825,-1747.7863502823004
67,2025-03-12 01:27:30,-1930.9478821313683,-2078.600092527245,-1981.3982046431854,-1782.3708003709296
68,2025-03-12 01:30:03,-1967.21666659828,-2117.285965606946,-2018.591083943343,-1816.1337254628413
69,2025-03-12 01:32:38,-2016.2210467683167,-2170.858212767529,-2068.3519676913734,-1861.1447907776392
70,2025-03-12 01:35:12,-2058.2804519268643,-2216.381009141938,-2111.243334345457,-1899.9826937122505
71,2025-03-12 01:37:45,-2100.791911149225,-2262.3788416245407,-2154.5943665063683,-1939.249698414522
72,2025-03-12 01:40:23,-2141.8522477350316,-2306.7695230435925,-2196.4927988773634,-1977.1836850462842
73,2025-03-12 01:42:59,-2182.2452946510634,-2350.465129948464,-2237.6797757188815,-2014.5043627314208
74,2025-03-12 01:45:33,-2227.5408227744224,-2399.491230427718,-2283.8898997587316,-2056.3160595292807
75,2025-03-12 01:48:07,-2271.0400298302916,-2446.5108652836134,-2328.2482089515493,-2096.5306016938025
76,2025-03-12 01:50:41,-2313.976719447545,-2492.8343331473216,-2372.1006680015757,-2136.2403431099
77,2025-03-12 01:53:15,-2359.7576093914126,-2542.3972844997375,-2418.765231092437,-2178.5219695788473
78,2025-03-12 01:55:48,-2401.91765382911,-2588.0352177980567,-2461.7516474363183,-2217.4538307510506
79,2025-03-12 01:58:22,-2446.09419519761,-2635.807543329832,-2506.8119460674893,-2258.27068117286
80,2025-03-12 02:00:57,-2492.108111213235,-2685.4512354746585,-2553.823789965205,-2300.813794560793
81,2025-03-12 02:03:32,-2536.128733915441,-2733.144890280331,-2598.6350364364494,-2341.4866738199185
82,2025-03-12 02:06:04,-2580.8824842436975,-2781.4884207589284,-2644.3317789029675,-2382.8408510865283
83,2025-03-12 02:08:38,-2623.5705874146533,-2826.712982947085,-2688.23794478729,-2422.7130711659665
84,2025-03-12 02:11:10,-2674.985971146271,-2883.1543112362133,-2740.3200970818016,-2469.8589174927783
85,2025-03-12 02:13:44,-2722.2287474560135,-2934.2459357766543,-2788.511850052521,-2513.503358472295
86,2025-03-12 02:16:18,-2770.3117019268643,-2986.416727530856,-2837.4838846671482,-2557.8535771730567
87,2025-03-12 02:18:54,-2816.799929835215,-3036.6170603006826,-2884.941383682379,-2600.830767463235
88,2025-03-12 02:21:27,-2865.139474051339,-3088.928749917936,-2934.2352407759977,-2645.475456686581
89,2025-03-12 02:24:00,-2912.4785505022323,-3140.1439650078783,-2982.5125906808034,-2689.203728170956
90,2025-03-12 02:26:35,-2962.761138146665,-3194.4909052488183,-3033.8060641248685,-2735.679898814995
91,2025-03-12 02:29:09,-3010.3036042542017,-3245.9218647419907,-3082.28568761489,-2779.603086840205
92,2025-03-12 02:31:43,-3060.3884195279675,-3300.076588350184,-3133.38586118041,-2825.873951631434
93,2025-03-12 02:34:23,-3100.835073775604,-3343.449577780331,-3174.7702739298843,-2863.4225438222165
94,2025-03-12 02:36:57,-3155.084739364496,-3402.41109998687,-3229.9371142988443,-2913.450396369485
95,2025-03-12 02:39:32,-3206.9960322019433,-3458.5111299402574,-3282.9076327796743,-2961.42574842437
96,2025-03-12 02:42:07,-3256.564137178309,-3512.1685390953257,-3333.439598788734,-3007.203972311581
97,2025-03-12 02:44:43,-3310.132149832589,-3570.2099752987133,-3388.0162015001315,-3056.660494764312
98,2025-03-12 02:47:17,-3360.9813776096375,-3625.1512133173583,-3439.905517578125,-3103.6606301700367
99,2025-03-12 02:49:50,-3413.6886160714284,-3682.1532546612393,-3493.6695607930674,-3152.354118795956
100,2025-03-12 02:52:24,-3465.608084542411,-3738.317477186187,-3546.6134392233457,-3200.3216604024424
101,2025-03-12 11:31:43,-3514.7529173778885,-3791.47302553834,-3596.706337808561,-3245.7474744780725
102,2025-03-12 11:33:51,-3567.952577222295,-3849.011380235688,-3650.964090812106,-3294.89956588104
103,2025-03-12 11:35:59,-3621.5075827205883,-3906.9582765723476,-3705.5537724855567,-3344.38461380646
104,2025-03-12 11:38:08,-3670.7919983423058,-3960.185249392726,-3755.8558913799893,-3389.9488843388917
105,2025-03-12 11:40:16,-3726.8436987099526,-4020.708682789522,-3813.0443515296743,-3441.7941053374475
106,2025-03-12 11:42:24,-3784.028002314207,-4082.617698348871,-3871.363545906644,-3494.583717666754
107,2025-03-12 11:44:32,-3840.914815437894,-4144.226451713498,-3929.315577402836,-3547.130159778755
108,2025-03-12 11:46:40,-3891.625276966255,-4198.9932276621585,-3981.0491502264967,-3594.0311617811185
109,2025-03-12 11:48:48,-3945.021371536896,-4256.732760389312,-4035.502685546875,-3643.3765263918067
110,2025-03-12 11:50:56,-4001.0011201746324,-4317.334562926733,-4092.5488937762607,-3695.0899278656775
111,2025-03-12 11:53:04,-4057.707318474265,-4378.673130580357,-4150.338417886686,-3747.509349149816
112,2025-03-12 11:55:13,-4118.71417082458,-4444.569364659927,-4212.611574317227,-3803.8993873916756
113,2025-03-12 11:57:22,-4174.450213776917,-4504.97467502626,-4269.249101398372,-3855.457369764312
114,2025-03-12 11:59:31,-4226.301688058035,-4561.008099724265,-4322.2006035812765,-3903.3473320969015
115,2025-03-12 12:01:39,-4282.126512030593,-4621.419971113445,-4379.118843142726,-3954.911826253939
116,2025-03-12 12:03:48,-4341.641174829307,-4685.869341681985,-4439.759014738708,-4009.8812799533875
117,2025-03-12 12:05:57,-4396.158172350972,-4744.7226521467965,-4495.4106404280465,-4060.2951352415967
118,2025-03-12 12:08:05,-4455.414848263524,-4808.781968060662,-4555.856117056197,-4115.0581854812235
119,2025-03-12 12:10:13,-4514.60173688616,-4872.840124819459,-4616.180781003808,-4169.738355107668
120,2025-03-12 12:12:21,-4571.187520516019,-4933.999491202731,-4673.927771303834,-4222.022998457195
121,2025-03-12 12:14:29,-4632.852182083771,-5000.699091550683,-4736.7538426503415,-4279.040340647978
122,2025-03-12 12:16:37,-4687.85585855436,-5059.982787060137,-4792.9617499343485,-4329.9308815323
123,2025-03-12 12:18:45,-4750.689750607274,-5127.914889295562,-4857.027374524028,-4388.017348345588
124,2025-03-12 12:20:54,-4809.772817916229,-5192.1119969472165,-4917.070536124606,-4442.544772108062
125,2025-03-12 12:23:02,-4870.43615414916,-5257.585810300683,-4979.038139279149,-4498.6220703125
126,2025-03-12 12:25:10,-4928.710814403887,-5320.607787060137,-5038.473716928178,-4552.465490004595
127,2025-03-12 12:27:19,-4993.34582211791,-5390.531155626313,-5104.334517791492,-4612.214849904805
128,2025-03-12 12:29:28,-5053.125693441439,-5455.217235917805,-5165.242821444985,-4667.468766412815
121,2025-03-12 19:22:30,-4632.478542295825,-5000.309225643382,-4736.378988314075,-4278.67988240218
122,2025-03-12 19:24:38,-4688.364352186187,-5060.70083541229,-4793.389250426733,-4330.342964236476
123,2025-03-12 19:26:46,-4746.009564568015,-5123.091485031513,-4852.123555672269,-4383.6122246750265
124,2025-03-12 19:28:54,-4808.87112657563,-5191.048545003939,-4916.25500180541,-4441.699791146928
125,2025-03-12 19:31:02,-4863.447401030725,-5249.971618139443,-4971.9292115283615,-4492.192413586528
126,2025-03-12 19:33:09,-4932.709763983718,-5324.578748686975,-5042.684619550945,-4556.326457047663
127,2025-03-12 19:35:17,-4984.638355928309,-5380.971170890231,-5095.493709788603,-4604.246817965467
128,2025-03-12 19:37:24,-5053.028480337447,-5455.0102415966385,-5165.21378102022,-4667.402840237658
129,2025-03-12 19:39:32,-5114.585592830882,-5521.600709033613,-5227.954150800945,-4724.297379694065
130,2025-03-12 19:41:40,-5175.837747012868,-5587.883805475315,-5290.38202058167,-4780.894572282038
131,2025-03-12 19:43:48,-5240.70971064207,-5658.086704799107,-5356.534097623425,-4840.808253184086
132,2025-03-12 19:45:56,-5303.811076188288,-5726.463928735557,-5420.814847032563,-4899.0681419052
133,2025-03-12 19:48:03,-5363.741941307773,-5791.0546875,-5481.990086659664,-4954.570755646008
134,2025-03-12 19:50:11,-5428.908884256828,-5861.592752921481,-5548.44915309874,-5014.740373883928
135,2025-03-12 19:52:19,-5491.623678768382,-5929.44869764312,-5612.317678243172,-5072.73395237001
136,2025-03-12 19:54:27,-5550.621286600578,-5993.199559315914,-5672.458791524422,-5127.308991760767
137,2025-03-12 19:56:35,-5616.01800075499,-6063.9602932970065,-5739.146004300158,-5187.714806821166
138,2025-03-12 19:58:43,-5684.691931460084,-6138.245400308561,-5809.183893283876,-5251.157333245798
139,2025-03-12 20:00:51,-5754.040207293855,-6213.242544478729,-5879.877708114495,-5315.259814863445
140,2025-03-12 20:03:00,-5818.039013261555,-6282.439375164128,-5945.076582195378,-5374.460055311187
141,2025-03-12 20:05:08,-5878.188497078519,-6347.346626345851,-6006.459493172269,-5430.116202731092
142,2025-03-12 20:07:16,-5945.529169675683,-6420.150283941702,-6075.144231716124,-5492.351521467962
143,2025-03-12 20:09:24,-6011.270306755515,-6491.194311318277,-6142.209333147322,-5553.122464220063
144,2025-03-12 20:11:32,-6078.75496897978,-6564.586614528624,-6210.82445673582,-5615.3286009716385
145,2025-03-12 20:13:40,-6146.966283974527,-6638.225171513918,-6280.42615053834,-5678.426733193277
146,2025-03-12 20:15:48,-6216.375016412815,-6713.360117679885,-6351.186580882353,-5742.526966255252
147,2025-03-12 20:17:55,-6277.254045758928,-6778.888392857143,-6413.347512637868,-5798.957745207458
148,2025-03-12 20:20:03,-6343.526999080882,-6850.846806886817,-6480.560107832195,-5860.261911600578
149,2025-03-12 20:22:11,-6420.429494649422,-6934.0330389968485,-6559.05266872374,-5931.258977809874
150,2025-03-12 20:24:19,-6489.2541237198,-7008.40271303834,-6629.3239110097165,-5994.83974527311
151,2025-03-12 20:26:26,-6556.536497997637,-7081.182001706933,-6697.921181558561,-6057.013396960347
152,2025-03-12 20:28:34,-6624.219463957458,-7154.440671776523,-6766.92712710084,-6119.522239364495
153,2025-03-12 20:30:42,-6697.620736771271,-7233.70058511686,-6841.801712677258,-6187.424406676733
154,2025-03-12 20:32:50,-6767.169392561712,-7308.956854812237,-6912.665966386555,-6251.705742844013
155,2025-03-12 20:34:58,-6838.659598214285,-7386.236303505777,-6985.602034368435,-6317.769547662815
156,2025-03-12 20:37:07,-6915.020224691439,-7469.067148929885,-7063.286075367647,-6388.284979812237
157,2025-03-12 20:39:15,-6980.017959722952,-7539.17239610688,-7129.670820476628,-6448.411842666755
158,2025-03-12 20:41:23,-7043.941000032825,-7608.447963169643,-7194.710256368172,-6507.483168658088
159,2025-03-12 20:43:32,-7122.4295233718485,-7693.3134724592965,-7274.751743861607,-6580.024286863183
160,2025-03-12 20:45:40,-7198.160246520483,-7775.001514082195,-7352.136669511555,-6650.0462225905985
161,2025-03-12 20:47:49,-7258.620646500788,-7840.37509847689,-7413.73622964811,-6705.967478006828
162,2025-03-12 20:49:57,-7330.837742909664,-7918.60342945772,-7487.177024520745,-6772.758276162027
163,2025-03-12 20:52:06,-7409.573673023897,-8003.86786042542,-7567.46038356749,-6845.437417935925
164,2025-03-12 20:54:14,-7482.384589187237,-8082.612579602153,-7641.702058167017,-6912.72485967043
165,2025-03-12 20:56:23,-7551.062520516019,-8157.0611992844015,-7711.620991169905,-6976.144063484769
166,2025-03-12 20:58:31,-7627.977034368435,-8240.208742285977,-7790.072011226365,-7047.23141248687
167,2025-03-12 21:00:39,-7708.971605829832,-8327.745781906513,-7872.6904173778885,-7122.101148076418
168,2025-03-12 21:02:47,-7781.137625558035,-8405.712307970063,-7946.274122735032,-7188.853716681985
169,2025-03-12 21:04:54,-7853.396943933823,-8484.101537880777,-8019.798487559086,-7255.566689371061
170,2025-03-12 21:07:02,-7929.4474461659665,-8566.24420627626,-8097.41152261686,-7325.876034007353
171,2025-03-12 21:09:10,-8008.925535057773,-8652.423528591124,-8178.3215968027835,-7399.25432887999
172,2025-03-12 21:11:17,-8084.207137933298,-8733.472660353204,-8255.248293067227,-7468.976414784664
173,2025-03-12 21:13:25,-8174.225709033613,-8831.073886390493,-8346.879378118434,-7552.098641018908
174,2025-03-12 21:15:33,-8235.31936876313,-8896.626969537816,-8409.432416130514,-7608.753340007878
175,2025-03-12 21:17:40,-8316.12363363314,-8984.38712086397,-8491.595965730043,-7683.321079799107
176,2025-03-12 21:19:48,-8396.041368500526,-9070.999712775736,-8573.047609473477,-7757.067308954832
177,2025-03-12 21:21:56,-8467.810505842963,-9148.714613970587,-8646.084792706144,-7823.42605206145
178,2025-03-12 21:24:04,-8543.800797662816,-9230.719316242123,-8723.674148174894,-7893.706116235557
179,2025-03-12 21:26:11,-8629.028533679097,-9322.939391576943,-8810.51386882878,-7972.4806328781515
180,2025-03-12 21:28:19,-8705.45233308167,-9405.64775226497,-8888.44044199711,-8043.064055114233
181,2025-03-12 21:30:27,-8781.61634224002,-9487.725938813026,-8966.176523929884,-8113.613342798057
182,2025-03-12 21:32:35,-8869.300855107667,-9582.702956768644,-9055.484584263393,-8194.610749573267
183,2025-03-12 21:34:43,-8936.08176043855,-9655.23590549501,-9123.43505859375,-8256.200363543856
184,2025-03-12 21:36:52,-9025.80678013393,-9752.265542935924,-9214.96737132353,-8339.091550682773
185,2025-03-12 21:39:00,-9108.2367630646,-9841.595358455883,-9298.883862920167,-8415.231699711134
186,2025-03-12 21:41:08,-9193.662843848477,-9933.655010832457,-9386.258780856093,-8494.22101907169
187,2025-03-12 21:43:16,-9275.646205357143,-10022.633042279413,-9469.56940158876,-8569.962866005777
188,2025-03-12 21:45:25,-9354.873412060137,-10108.27687598477,-9550.441434972427,-8643.144026555934
189,2025-03-12 21:47:33,-9428.99358669249,-10188.594037224264,-9625.82366481749,-8711.669733127626
190,2025-03-12 21:49:40,-9509.459226464023,-10275.370576746323,-9708.068449645483,-8786.067940848214
191,2025-03-12 21:51:48,-9601.29181985294,-10375.049911370797,-9801.551536239496,-8870.777622767857
192,2025-03-12 21:53:56,-9678.974855567227,-10459.101882549894,-9880.757558101366,-8942.541897813813
193,2025-03-12 21:56:03,-9761.206571691177,-10548.020622702206,-9964.511571034664,-9018.616695115546
194,2025-03-12 21:58:11,-9847.059307707457,-10640.826869419643,-10052.117671678046,-9097.939120765493
195,2025-03-12 22:00:20,-9927.89211035977,-10728.2739791229,-10134.44713432248,-9172.688624277836
196,2025-03-12 22:02:28,-10014.854771205357,-10822.3046875,-10223.20288701418,-9253.005494189863
197,2025-03-12 22:04:37,-10105.99231880252,-10920.88560267857,-10316.121840533087,-9337.224441143644
198,2025-03-12 22:06:46,-10191.948471966913,-11013.981396074054,-10403.68244485294,-9416.622382155987
199,2025-03-12 22:08:54,-10287.99952402836,-11117.716074711134,-10501.70821297269,-9505.42964236476
200,2025-03-12 22:11:03,-10363.962061777836,-11200.133042279413,-10579.07202763918,-9575.50050059086
201,2025-03-12 22:13:11,-10434.499778426996,-11276.365513392857,-10650.91076352416,-9640.79126592043
201,2025-03-13 00:07:11,-10442.123678768383,-11284.74531414128,-10658.602145154937,-9647.79772025998
202,2025-03-13 00:09:20,-10527.868623621323,-11377.24996717437,-10746.198061646533,-9727.084768086923
203,2025-03-13 00:11:27,-10612.44588694853,-11468.807674632353,-10832.32657398897,-9805.2632369354
204,2025-03-13 00:13:35,-10697.19103696166,-11560.73743599002,-10918.626928505777,-9883.45329733456
205,2025-03-13 00:16:20,-10787.823833048844,-11658.934857536764,-11010.945796678046,-9967.148174894957
206,2025-03-13 00:18:28,-10871.479746586134,-11749.153139771533,-11096.354713760504,-10044.56765362395
207,2025-03-13 00:20:36,-10958.52451253939,-11843.379669445903,-11185.064026391807,-10124.977612920167
208,2025-03-13 00:22:44,-11052.135594472164,-11944.68769695378,-11280.384338891807,-10211.534130449054
209,2025-03-13 00:24:51,-11137.301774225316,-12036.528779871323,-11367.466099330357,-10290.257328321954
210,2025-03-13 00:26:59,-11236.959780396533,-12144.756474855567,-11468.811367515757,-10382.222598805147
211,2025-03-13 00:29:07,-11318.651088169643,-12233.080808495273,-11552.166466977416,-10457.69147190126
212,2025-03-13 00:31:14,-11405.276547728467,-12326.772132681197,-11640.466813287816,-10537.76121815914
213,2025-03-13 00:33:21,-11493.280027245273,-12421.793190323004,-11730.191332392333,-10619.210912880777
214,2025-03-13 00:35:29,-11579.274422268907,-12514.821510635504,-11817.967043067227,-10698.59378282563
215,2025-03-13 00:37:36,-11667.150349592963,-12609.940979516807,-11907.441061580883,-10779.8383255646
216,2025-03-13 00:39:44,-11768.21622242647,-12719.289169183297,-12010.556640625,-10873.155191373424
217,2025-03-13 00:41:52,-11857.80990677521,-12816.470153295693,-12101.766273306197,-10955.846490940126
218,2025-03-13 00:43:59,-11953.573348870797,-12920.057362788866,-12199.358119419643,-11044.370667016807
219,2025-03-13 00:46:07,-12049.43703223477,-13023.815913865546,-12296.982044380253,-11132.993139443277
220,2025-03-13 00:48:15,-12144.3765181854,-13126.74313123687,-12393.67043067227,-11220.630178243173
221,2025-03-13 00:50:24,-12224.351455816703,-13213.135020023634,-12475.353704372374,-11294.511062237394
222,2025-03-13 00:52:31,-12311.594004398634,-13307.471023174894,-12564.073570443803,-11375.325581013656
223,2025-03-13 00:54:40,-12416.08748851103,-13420.42197347689,-12670.97158121061,-11471.672629989496
224,2025-03-13 00:56:47,-12504.208303243173,-13515.783416491597,-12760.64230731355,-11553.200507155987
225,2025-03-13 00:58:55,-12609.454126181723,-13629.781865480567,-12867.818203453257,-11650.43420102416
226,2025-03-13 01:01:04,-12697.573160123424,-13724.9887161896,-12957.850577731093,-11731.802307641807
227,2025-03-13 01:03:13,-12780.86115579044,-13815.12668231355,-13042.634511226366,-11808.830808495273
228,2025-03-13 01:05:21,-12894.36493073792,-13937.899766938026,-13158.416745995273,-11913.67403328519
229,2025-03-13 01:07:29,-12983.099584755777,-14034.060637145483,-13248.80310366334,-11995.599995076156
230,2025-03-13 01:09:37,-13083.35216977416,-14142.499130120797,-13350.992269564076,-12088.26054523372
231,2025-03-13 01:11:46,-13173.76602711397,-14240.358349199054,-13443.14338235294,-12171.78757714023
232,2025-03-13 01:13:55,-13266.66813287815,-14340.46106880252,-13538.05145417542,-12257.78468027836
233,2025-03-13 01:16:03,-13366.947511817227,-14449.23353794643,-13640.03925945378,-12350.412930015757
234,2025-03-13 01:18:11,-13456.77370831145,-14546.280429359243,-13731.902688419117,-12433.29583278624
235,2025-03-13 01:20:19,-13565.463506105567,-14664.156914719013,-13842.373334099264,-12533.759855895483
236,2025-03-13 01:22:28,-13651.00137867647,-14756.611779477416,-13929.697758009454,-12612.770015428046
237,2025-03-13 01:24:37,-13767.16675420168,-14882.209230567227,-14048.097442883403,-12720.185530462184
238,2025-03-13 01:26:45,-13864.68881302521,-14988.019038865546,-14147.456309086134,-12810.114208574054
239,2025-03-13 01:28:54,-13959.934422597164,-15090.724018513656,-14244.718733587184,-12898.25262605042
240,2025-03-13 01:31:02,-14054.707720588236,-15193.100356158087,-14341.336323201156,-12985.940610228467
241,2025-03-13 01:33:10,-14147.760061055673,-15294.2689896271,-14435.962340795693,-13071.725405396533
242,2025-03-13 01:35:18,-14256.504021139706,-15411.845383075106,-14546.87061777836,-13172.22151555935
243,2025-03-13 01:37:26,-14349.124540441177,-15512.154543067227,-14641.231190913866,-13257.77067194065
244,2025-03-13 01:39:35,-14449.66793592437,-15621.062270220587,-14743.802947741597,-13350.51935891544
245,2025-03-13 01:41:44,-14550.12435990021,-15729.598345588236,-14846.16608127626,-13443.486475840336
246,2025-03-13 01:43:52,-14649.383296678046,-15837.039218421743,-14947.288849133403,-13535.21087184874
247,2025-03-13 01:46:00,-14773.7943802521,-15971.701467305673,-15074.084230567227,-13650.145327271533
248,2025-03-13 01:48:09,-14845.07785418855,-16050.002026982667,-15144.50818178834,-13716.810538668593
249,2025-03-13 01:50:17,-14950.330767463236,-16163.103794642857,-15252.888277967437,-13813.831407563026
250,2025-03-13 01:52:25,-15047.812245601366,-16268.632869944853,-15352.625763195903,-13903.585149684874
251,2025-03-13 01:54:34,-15160.384478400736,-16390.290933560926,-15467.46989069065,-14007.639353006827
252,2025-03-13 01:56:42,-15266.611689206933,-16505.32816603204,-15575.71060103729,-14105.748703387606
253,2025-03-13 01:58:50,-15364.088883600316,-16610.79270614496,-15675.0102005646,-14195.868656446954
254,2025-03-13 02:00:59,-15470.80842141544,-16726.283145680147,-15783.90867909664,-14294.375763195903
255,2025-03-13 02:03:07,-15567.828248096113,-16831.14120765494,-15882.873867515757,-14384.058199842437
256,2025-03-13 02:05:16,-15687.522436318277,-16960.716919971113,-16004.70618599002,-14494.737222623424
257,2025-03-13 02:07:24,-15790.919897255777,-17072.899709493173,-16110.1411666229,-14590.017496060924
258,2025-03-13 02:10:01,-15878.190470719537,-17167.205890559348,-16199.132664784664,-14670.721014968487
259,2025-03-13 02:13:19,-15991.244181657037,-17289.141888786766,-16314.60146402311,-14775.30159368435
260,2025-03-13 02:16:00,-16094.750615480567,-17401.54802389706,-16420.026071756827,-14870.694565716913
261,2025-03-13 02:18:41,-16204.811211594013,-17520.270975577732,-16532.380301339286,-14972.538504464286
262,2025-03-13 02:21:21,-16316.238995207457,-17641.348386620273,-16645.855000984768,-15075.193671218487
263,2025-03-13 02:24:02,-16406.28218553046,-17738.45026096376,-16737.51000361082,-15158.73387440914
264,2025-03-13 02:26:42,-16526.20683429622,-17868.089531906513,-16859.890411633405,-15269.530552455357
265,2025-03-13 02:29:23,-16631.227374934348,-17981.798811712186,-16966.87335051208,-15366.562844669117
266,2025-03-13 02:32:04,-16733.038077731093,-18092.13072807248,-17070.691110819327,-15460.477481617647
267,2025-03-13 02:34:45,-16827.9309923188,-18194.5971146271,-17167.610942423846,-15548.169938287816
268,2025-03-13 02:37:25,-16980.195607930673,-18359.43628545168,-17322.56041557248,-15688.98999638918
269,2025-03-13 02:40:05,-17070.9750443146,-18457.611180409665,-17415.296694459033,-15772.755531118697
270,2025-03-13 02:42:46,-17168.0478515625,-18562.8989791229,-17514.051355698528,-15862.405355501576
271,2025-03-13 02:45:27,-17291.037404805673,-18696.155495010506,-17639.42550223214,-15975.906241793593
272,2025-03-13 02:48:07,-17398.1946641938,-18811.973846179095,-17748.759207589286,-16074.935563287816
273,2025-03-13 02:50:47,-17498.800666360294,-18920.819893973214,-17851.272584033613,-16167.93110720851
274,2025-03-13 02:53:28,-17606.771098673846,-19037.171792935926,-17961.566307773108,-16267.872661173844
275,2025-03-13 02:56:08,-17723.192021730567,-19163.761333048846,-18079.932469472165,-16375.208319655987
276,2025-03-13 02:58:48,-17841.452739298846,-19291.47955783876,-18200.611541491595,-16484.562097886028
277,2025-03-13 03:01:28,-17940.398388261554,-19398.540679162288,-18301.537224264706,-16575.9360884979
278,2025-03-13 03:04:09,-18063.327394629727,-19531.37096244748,-18426.903271074054,-16689.611508665967
279,2025-03-13 03:06:49,-18146.160673253675,-19620.9202501313,-18511.261866465335,-16766.263442095587
280,2025-03-13 03:09:29,-18277.3336561187,-19762.933889180673,-18645.161813944327,-16887.260930934874
281,2025-03-13 03:12:09,-18411.102374934348,-19908.211725315126,-18781.232914259454,-17010.670996914392
282,2025-03-13 03:14:50,-18517.07771467962,-20022.631909795167,-18889.51354057248,-17108.583385307247
283,2025-03-13 03:17:30,-18619.96219308036,-20133.461397058825,-18994.842215401786,-17203.676224396007
284,2025-03-13 03:20:11,-18740.626206341913,-20264.268776260506,-19117.638097426472,-17315.133575695905
285,2025-03-13 03:22:52,-18837.631696428572,-20369.231289390755,-19216.647190126052,-17404.668723739494
286,2025-03-13 03:25:32,-18979.054523371848,-20522.040047268907,-19361.01093914128,-17535.3466796875
287,2025-03-13 03:28:13,-19079.619583771007,-20630.74259782038,-19463.526572347688,-17628.345251772585
288,2025-03-13 03:30:53,-19211.545512736346,-20773.38960740546,-19598.365152310926,-17750.045865611868
289,2025-03-13 03:33:33,-19309.123703387606,-20879.034434086134,-19697.768907563026,-17840.205201221113
290,2025-03-13 03:36:13,-19417.575638458507,-20996.6942292542,-19808.117548581933,-17940.328510701154
291,2025-03-13 03:38:55,-19529.613773634454,-21117.857914259454,-19922.40935202206,-18043.83240053834
292,2025-03-13 03:41:35,-19648.702008928572,-21246.785911239494,-20043.819672400212,-18153.799353335085
293,2025-03-13 03:44:16,-19788.828395811448,-21398.103302258405,-20186.865267200632,-18283.343093487394
294,2025-03-13 03:46:57,-19895.903574711134,-21514.105895483193,-20295.957261029413,-18382.210018382353
295,2025-03-13 03:49:38,-20005.659844406513,-21633.0541458771,-20407.855846244747,-18483.465606945905
296,2025-03-13 03:52:19,-20118.550699185926,-21754.828174238446,-20523.115726759454,-18587.917304030987
297,2025-03-13 03:55:00,-20247.940158876052,-21894.682215073528,-20655.205652573528,-18707.432732077206
298,2025-03-13 03:57:41,-20359.71618960084,-22016.601792279413,-20768.51455816702,-18810.451697085085
299,2025-03-13 04:00:21,-20491.064764968487,-22158.1617811187,-20902.775571165967,-18931.957129726892
300,2025-03-13 04:03:01,-20587.295365021007,-22262.2457654937,-21000.69949776786,-19021.02781972164
301,2025-03-13 04:05:41,-20723.299418986346,-22409.562286633405,-21139.449661896007,-19146.487879136028
302,2025-03-13 04:08:21,-20834.031676733193,-22529.3139115021,-21252.14769892332,-19248.981174501052
303,2025-03-13 04:11:02,-20955.290785845587,-22660.572577468487,-21375.849822741595,-19360.90840007878
304,2025-03-13 04:13:43,-21083.184709821428,-22799.095177914915,-21506.113330488446,-19479.053563222165
305,2025-03-13 04:16:24,-21198.5348279937,-22923.933971244747,-21623.774094012606,-19585.554113051472
306,2025-03-13 04:19:05,-21315.590500262606,-23050.387408088234,-21743.21888130252,-19693.769711790967
307,2025-03-13 04:21:46,-21462.961364233193,-23209.800567883405,-21893.432691045167,-19829.976644564074
308,2025-03-13 04:24:27,-21558.37783941702,-23313.615940126052,-21990.397255777312,-19917.932822347688
309,2025-03-13 04:27:08,-21686.1883698792,-23451.412568933825,-22120.960166097688,-20036.18951877626
310,2025-03-13 04:29:48,-21804.868549763654,-23579.649537158613,-22241.994173450632,-20145.936777836134
311,2025-03-13 04:32:29,-21928.124097295167,-23712.632648371848,-22367.645286239494,-20260.099970456933
312,2025-03-13 04:35:09,-22061.435990021007,-23858.019514837186,-22502.752593224788,-20383.008912158613
313,2025-03-13 04:37:50,-22173.570230435926,-23978.852005646007,-22617.714384191175,-20486.498842896533
314,2025-03-13 04:40:29,-22309.239118303572,-24126.060431985294,-22755.603515625,-20611.84791885504
315,2025-03-13 04:43:09,-22420.40194984244,-24246.19127494748,-22869.228499212186,-20714.437811843487
316,2025-03-13 04:45:49,-22542.856043198528,-24378.658416491595,-22994.144317883405,-20827.536141018907
317,2025-03-13 04:48:30,-22668.06338629202,-24513.973969275212,-23121.680376838234,-20943.41567095588
318,2025-03-13 04:51:11,-22775.463514311974,-24630.633436186974,-23230.826762736346,-21042.561465992647
319,2025-03-13 04:53:52,-22930.401211265755,-24797.913537289915,-23389.12176667542,-21185.724707851892
320,2025-03-13 04:56:32,-23053.961019564074,-24931.716616334033,-23514.904264049368,-21299.93487394958
321,2025-03-13 04:59:13,-23176.636357668067,-25064.93715533088,-23639.73142069328,-21413.087513130253
322,2025-03-13 05:01:54,-23303.555179884454,-25202.38450301996,-23769.10425420168,-21530.269547662814
323,2025-03-13 05:04:35,-23431.760340073528,-25340.190224527312,-23900.20351890756,-21649.103679753152
324,2025-03-13 05:07:17,-23549.486557904413,-25468.42281053046,-24019.769006039915,-21757.570328912814
325,2025-03-13 05:09:58,-23694.806853991595,-25624.947971376052,-24168.556016938026,-21891.887276785714
326,2025-03-13 05:12:39,-23808.799993434874,-25748.846901260506,-24284.238937762606,-21997.183478860294
327,2025-03-13 05:15:20,-23955.708081670167,-25908.077370010506,-24433.6640625,-22132.96221769958
328,2025-03-13 05:18:00,-24083.9241563813,-26046.771402310926,-24564.3959427521,-22251.432773109245
329,2025-03-13 05:20:41,-24208.721080619747,-26181.456785057773,-24691.928308823528,-22366.761833639706
330,2025-03-13 05:23:21,-24308.651572347688,-26290.244058560926,-24793.383272058825,-22458.906479779413
331,2025-03-13 05:26:02,-24471.223247111346,-26465.165638130253,-24959.82517069328,-22609.312861081933
332,2025-03-13 05:28:43,-24592.446641938026,-26596.665293461134,-25083.061301864494,-22721.319655987394
333,2025-03-13 05:31:25,-24724.10640428046,-26739.834821428572,-25216.905051864494,-22842.709082851892
334,2025-03-13 05:34:06,-24845.96167607668,-26871.07435005252,-25341.243008140755,-22955.66419380252
335,2025-03-13 05:36:47,-24977.41918329832,-27013.761767988446,-25475.12877494748,-23076.878052783613
336,2025-03-13 05:39:28,-25130.51386882878,-27179.31849067752,-25631.21377691702,-23218.38320640756
337,2025-03-13 05:42:09,-25212.38854057248,-27267.568868172268,-25714.75147715336,-23294.228417148108
338,2025-03-13 05:44:50,-25380.33101365546,-27449.294675682773,-25886.143365940126,-23449.246783088234
339,2025-03-13 05:47:31,-25471.872964810926,-27548.430048581933,-25979.345703125,-23533.84865743172
340,2025-03-13 05:50:11,-25633.71848739496,-27723.65099789916,-26144.322708771007,-23683.314026391807
341,2025-03-13 05:52:51,-25775.70614495798,-27877.21120010504,-26289.092387736346,-23814.535254726892
342,2025-03-13 05:55:31,-25910.38537289916,-28023.05106026786,-26426.1734998687,-23939.042738970587
343,2025-03-13 05:58:10,-26038.67760307248,-28161.868484112394,-26557.154214810926,-24057.4249113708
344,2025-03-13 06:00:51,-26195.546185661766,-28331.894071691175,-26716.925797662814,-24202.248227415967
345,2025-03-13 06:03:31,-26325.976595325632,-28472.692768513654,-26850.24494485294,-24322.735507484245
346,2025-03-13 06:06:12,-26449.716846113446,-28607.05212710084,-26975.79848345588,-24437.151900603993
347,2025-03-13 06:08:53,-26593.166442358193,-28761.93042607668,-27122.056886817227,-24569.923171612394
348,2025-03-13 06:11:32,-26724.279214810926,-28903.72245929622,-27256.106716123948,-24690.823168329833
349,2025-03-13 06:14:12,-26843.251362263654,-29032.996110162814,-27376.941045168067,-24800.673188025212
350,2025-03-13 06:16:53,-26990.091764049368,-29191.731781775212,-27526.603088891807,-24936.475873161766
351,2025-03-13 06:19:33,-27086.626706932773,-29296.044166885506,-27625.16304490546,-25025.658925288866
352,2025-03-13 06:22:13,-27240.20770417542,-29463.074333639706,-27781.063058035714,-25167.413438813026
353,2025-03-13 06:24:54,-27408.783186712186,-29645.263770351892,-27953.323184742647,-25323.015247505253
354,2025-03-13 06:27:35,-27512.388163077732,-29757.454388786766,-28058.902048319327,-25418.700384059874
355,2025-03-13 06:30:16,-27660.09544051996,-29916.770056460085,-28209.568851759454,-25555.48215926996
356,2025-03-13 06:32:57,-27796.20535714286,-30064.222623424368,-28348.393677783613,-25681.048237263654
357,2025-03-13 06:35:37,-27947.708065257353,-30227.818408613446,-28503.0703125,-25821.101250656513
358,2025-03-13 06:38:17,-28056.106732536766,-30346.101644564074,-28612.923188025212,-25920.995338760506
359,2025-03-13 06:40:58,-28209.036354385506,-30510.54418329832,-28769.2906873687,-26062.71188944328
360,2025-03-13 06:43:38,-28339.378955488446,-30652.021238182773,-28901.882041097688,-26183.01729910714
361,2025-03-13 06:46:19,-28505.563090861346,-30832.528065913866,-29070.93856683298,-26336.30563944328
362,2025-03-13 06:49:00,-28643.961019564074,-30981.906200761554,-29212.362296481093,-26464.198365283613
363,2025-03-13 06:51:41,-28775.5582654937,-31124.039505646007,-29346.36551339286,-26586.089220063026
364,2025-03-13 06:54:22,-28919.02747505252,-31279.38456867122,-29492.680458902312,-26718.51729910714
365,2025-03-13 06:57:03,-29048.03185727416,-31419.046218487394,-29624.15524881828,-26837.676158744747
366,2025-03-13 06:59:43,-29208.127609637606,-31592.000426733193,-29787.470063025212,-26985.713514311974
367,2025-03-13 07:02:23,-29346.679129464286,-31742.162880777312,-29928.55193014706,-27113.658826811974
368,2025-03-13 07:05:04,-29471.417788209033,-31877.305393251052,-30055.817801339286,-27228.69995732668
369,2025-03-13 07:07:45,-29639.617285976892,-32059.399668461134,-30227.038356748948,-27384.212168461134
370,2025-03-13 07:10:26,-29753.028574711134,-32181.52519367122,-30342.987706801472,-27489.184184611346
371,2025-03-13 07:13:06,-29884.693654805673,-32324.77499671744,-30476.742909663866,-27610.59294577206
372,2025-03-13 07:15:46,-30083.600791097688,-32539.602186186974,-30679.65065323004,-27794.55954569328
373,2025-03-13 07:18:26,-30220.634207589286,-32687.5621717437,-30819.81425617122,-27921.050633534665
374,2025-03-13 07:21:05,-30343.09091058298,-32820.156840861346,-30944.312270220587,-28034.373145351892
375,2025-03-13 07:23:45,-30504.878479516807,-32995.355797006305,-31109.035451680673,-28183.899684873948
376,2025-03-13 07:26:25,-30618.2151720063,-33118.190946691175,-31224.712135635506,-28288.357389049368
377,2025-03-13 07:29:06,-30787.019711790967,-33301.57960215336,-31396.367105435926,-28444.085986738446
378,2025-03-13 07:31:46,-30926.587890625,-33452.107536764706,-31538.212677258405,-28573.72703847164
379,2025-03-13 07:34:27,-31091.259552258405,-33630.84612985819,-31706.06963957458,-28725.459148503152
380,2025-03-13 07:37:08,-31200.404050682773,-33748.52481617647,-31817.70292804622,-28826.336971507353
381,2025-03-13 07:39:49,-31374.72825301996,-33936.99174435399,-31995.642364758405,-28987.342371323528
382,2025-03-13 07:42:29,-31502.147124474788,-34074.664948792015,-32125.599034926472,-29105.167591255253
383,2025-03-13 07:45:10,-31669.095538996848,-34256.203272715335,-32295.315979516807,-29259.096490940126
384,2025-03-13 07:47:51,-31852.99123555672,-34454.51775866596,-32482.9737394958,-29429.35714285714
385,2025-03-13 07:50:32,-31943.464187237394,-34552.10282628676,-32575.600709033613,-29512.880005908613
386,2025-03-13 07:53:13,-32106.366399684874,-34729.00556394433,-32741.436318277312,-29663.081276260506
387,2025-03-13 07:55:54,-32246.975988051472,-34880.67407431723,-32884.839696034665,-29793.301979385506
388,2025-03-13 07:58:34,-32390.77895220588,-35035.655495010506,-33031.965467436974,-29926.228811055673
389,2025-03-13 08:01:15,-32543.91501444328,-35202.49464942227,-33187.38598017332,-30067.374245010506
390,2025-03-13 08:03:56,-32693.49716058298,-35364.38527442227,-33339.90464154412,-30205.522780987394
391,2025-03-13 08:06:37,-32854.26214548319,-35538.15204831933,-33503.802750787814,-30354.18676142332
392,2025-03-13 08:09:17,-32988.81300879727,-35683.60755317752,-33640.99463300945,-30478.577895220587
393,2025-03-13 08:11:57,-33168.33337710084,-35877.83775932248,-33823.97295168067,-30644.47272190126
394,2025-03-13 08:14:38,-33300.531233587186,-36020.88988642332,-33958.771336659665,-30766.579552914915
395,2025-03-13 08:17:18,-33488.387867647056,-36225.27417607668,-34149.63103991596,-30939.788537289915
396,2025-03-13 08:19:59,-33580.95069590336,-36324.62811843488,-34244.38767069328,-31025.6124113708
397,2025-03-13 08:22:40,-33756.32759978992,-36514.108964679624,-34423.42500984769,-31187.66560530462
398,2025-03-13 08:25:20,-33919.915999212186,-36691.06236869748,-34590.176585477944,-31338.858324579833
399,2025-03-13 08:28:01,-34055.625623686974,-36837.27860753676,-34728.627888655465,-31464.631220456933
400,2025-03-13 08:30:42,-34220.784827993695,-37017.14357930672,-34896.76728269433,-31616.525817358193
401,2025-03-13 08:33:24,-34323.18443080357,-37127.045118828784,-35001.28714220063,-31711.7086561187
402,2025-03-13 08:36:04,-34540.27873883928,-37362.29664522059,-35222.554490546216,-31912.055885635506
403,2025-03-13 08:38:45,-34690.489824054624,-37525.6258698792,-35375.51079963235,-32050.369025735294
404,2025-03-13 08:41:25,-34844.9869846376,-37692.505711659665,-35533.03077402836,-32193.312188156513
405,2025-03-13 08:44:06,-34984.26836594012,-37843.21476168592,-35674.93961725315,-32322.052586659665
406,2025-03-13 08:46:46,-35170.84002429096,-38045.07284007353,-35865.07321756828,-32494.487312893907
407,2025-03-13 08:49:27,-35292.778673188026,-38176.27412683824,-35989.77266609769,-32607.409056591387
408,2025-03-13 08:52:07,-35430.9131926208,-38327.026802127104,-36130.01189929096,-32734.501050420167
409,2025-03-13 08:54:48,-35634.05337447479,-38546.75347951681,-36337.234571953784,-32922.139607405465
410,2025-03-13 08:57:28,-35818.235605961134,-38745.31945903361,-36525.33641347164,-33092.593897715335
411,2025-03-13 09:00:09,-35922.00628610819,-38858.25738576681,-36630.50359440651,-33188.44209558824
412,2025-03-13 09:02:49,-36083.68557970063,-39033.420332195376,-36795.29544708508,-33337.67453387605
413,2025-03-13 09:05:30,-36217.81811318277,-39178.884617909665,-36932.07960215336,-33461.3192292542
414,2025-03-13 09:08:10,-36386.217075892855,-39360.69421284139,-37103.64105173319,-33617.28815979517
415,2025-03-13 09:10:50,-36523.52845982143,-39508.80700170693,-37243.929014574576,-33744.2667082458
416,2025-03-13 09:13:31,-36743.35673253676,-39746.307838760506,-37468.16012342437,-33947.53850446428
417,2025-03-13 09:16:11,-36883.82592568277,-39898.438911502104,-37611.40452665441,-34077.18013064601
418,2025-03-13 09:18:51,-36973.3420102416,-39996.20693277311,-37702.32108390231,-34159.45629267332
419,2025-03-13 09:21:32,-37162.3923647584,-40200.31883534664,-37895.15889246324,-34334.36969866072
420,2025-03-13 09:24:13,-37360.67926076681,-40416.28364627101,-38096.70460215336,-34516.95383075105
421,2025-03-13 09:26:53,-37509.2868960084,-40576.16366859244,-38248.41201089811,-34654.782579438026
422,2025-03-13 09:29:34,-37628.103581276264,-40703.91583508404,-38369.89535189076,-34764.89743631828
423,2025-03-13 09:32:15,-37825.44710149685,-40918.17958902311,-38570.81258206408,-34946.87024028361
424,2025-03-13 09:34:55,-38011.60200564601,-41119.585215336134,-38760.53505777311,-35118.91194524685
425,2025-03-13 09:37:36,-38128.46576286765,-41245.48979122899,-38879.98998818277,-35227.051536239494
426,2025-03-13 09:40:16,-38325.09371717437,-41459.40221244748,-39079.76834952731,-35408.35356486344
427,2025-03-13 09:42:55,-38466.169905462186,-41611.74448529412,-39223.96939009979,-35538.635996586134
428,2025-03-13 09:45:35,-38677.23558954832,-41840.46435136555,-39438.883534663866,-35733.57500656512
429,2025-03-13 09:48:12,-38802.926798844535,-41975.83081670168,-39567.20338760504,-35850.0388491334
430,2025-03-13 09:50:52,-38970.31870404412,-42156.9581144958,-39737.69843093488,-36004.801109506305
431,2025-03-13 09:53:32,-39140.68776260504,-42340.91652442227,-39911.778886554624,-36162.19431131828
432,2025-03-13 09:56:12,-39286.11909138656,-42499.339646796216,-40059.21188944328,-36296.381318933825
433,2025-03-13 09:58:53,-39426.63931197479,-42651.60182510504,-40202.52225577731,-36426.00150997899
434,2025-03-13 10:01:33,-39609.09844406512,-42848.711823792015,-40388.63885241596,-36594.729188550424
435,2025-03-13 10:04:13,-39765.526063550424,-43017.884224002104,-40548.25745141807,-36739.20604648109
436,2025-03-13 10:06:53,-39949.37805278361,-43216.66954438025,-40735.84617909664,-36909.05539325105
437,2025-03-13 10:09:33,-40095.58580619748,-43375.3543855042,-40884.34325761555,-37044.18792673319
438,2025-03-13 10:12:13,-40267.248851102944,-43559.56886817227,-41060.28584558824,-37203.22813813025
439,2025-03-13 10:14:53,-40458.90716911765,-43768.494157037814,-41255.0770417542,-37379.58611804096
440,2025-03-13 10:17:33,-40600.25745141807,-43921.96852022059,-41398.81952468488,-37510.049501050424
441,2025-03-13 10:20:13,-40775.621553308825,-44111.6490940126,-41577.59522715336,-37672.116727941175
442,2025-03-13 10:22:52,-40939.974592962186,-44288.0301667542,-41745.808659401264,-37824.55389968488
443,2025-03-13 10:25:32,-41101.45033482143,-44463.43907563025,-41910.01953125,-37973.52887014181
444,2025-03-13 10:28:11,-41307.457917542015,-44686.437696953784,-42120.161436449576,-38163.69258797269
445,2025-03-13 10:30:51,-41440.25633534664,-44830.943375787814,-42254.95122111344,-38286.216386554624
446,2025-03-13 10:33:31,-41595.94921875,-44998.93329831933,-42414.02002363445,-38430.15464154412
447,2025-03-13 10:36:11,-41799.80321034664,-45218.404969800424,-42622.35842305672,-38618.931361607145
448,2025-03-13 10:38:51,-41976.49878545168,-45410.66701680672,-42801.971901260506,-38781.764082195376
449,2025-03-13 10:41:31,-42163.217995010506,-45612.15746454832,-42992.50134585084,-38954.54730173319
450,2025-03-13 10:44:10,-42284.75226496849,-45744.85901391807,-43115.8181460084,-39066.3693539916
451,2025-03-13 10:46:50,-42491.03801207983,-45968.12719931723,-43326.074415703784,-39256.94009322479
452,2025-03-13 10:49:30,-42643.863904936974,-46131.70410976891,-43482.70407694328,-39398.850233061974
453,2025-03-13 10:52:10,-42778.45348608193,-46277.94770877101,-43619.44331013656,-39523.08651194853
454,2025-03-13 10:54:50,-42995.547465861346,-46513.94291622899,-43840.281873686974,-39723.19652704832
455,2025-03-13 10:57:30,-43162.41128873424,-46693.65976234244,-44010.86961659664,-39877.628019957985
456,2025-03-13 11:00:09,-43308.7233127626,-46851.98224133404,-44160.14577862395,-40012.708869485294
457,2025-03-13 11:02:49,-43496.05856092437,-47053.774980304624,-44351.24753807773,-40186.375722163866
458,2025-03-13 11:05:28,-43703.25009847689,-47278.52294511555,-44562.302324054624,-40377.502494747896
459,2025-03-13 11:08:08,-43892.87772452731,-47484.61863182773,-44755.077402836134,-40552.41875656512
460,2025-03-13 11:10:49,-44036.54145877101,-47639.768776260506,-44901.858620010506,-40685.129365808825
461,2025-03-13 11:13:29,-44176.23703387605,-47791.20604648109,-45044.02882090336,-40814.1629792542
462,2025-03-13 11:16:09,-44391.12975971639,-48022.82608981092,-45263.44061843488,-41013.121422006305
463,2025-03-13 11:18:49,-44544.542903098736,-48188.68221507353,-45419.74665178572,-41155.031840861346
464,2025-03-13 11:21:30,-44673.07398897059,-48328.86209952731,-45550.32438287815,-41273.2912289916
465,2025-03-13 11:24:09,-44914.926667542015,-48590.71090467437,-45796.9396664916,-41496.57500656512
466,2025-03-13 11:26:50,-45059.67171087185,-48747.65191701681,-45944.34680278361,-41630.17676601891
467,2025-03-13 11:29:30,-45246.67269564076,-48949.30672268908,-46135.21097032563,-41803.28958771008
468,2025-03-13 11:32:11,-45407.02547268908,-49122.803801207985,-46298.796152836134,-41951.35907956933
469,2025-03-13 11:34:52,-45599.6970522584,-49331.65244222689,-46494.884880514706,-42129.335740546216
470,2025-03-13 11:37:32,-45748.33679096639,-49491.988740808825,-46646.519728203784,-42266.957228203784
471,2025-03-13 11:40:11,-46005.9503019958,-49770.51034007353,-46909.484440651264,-42504.87605042017
472,2025-03-13 11:42:51,-46132.82848608193,-49908.04582457983,-47038.763950892855,-42621.96054359244
473,2025-03-13 11:45:30,-46310.57809217437,-50099.85911239496,-47220.07802652311,-42786.48831407563
474,2025-03-13 11:48:10,-46509.09578518908,-50315.891773897056,-47421.92699579832,-42969.37122505252
475,2025-03-13 11:50:50,-46720.24363182773,-50543.88310793067,-47637.32165835084,-43164.701713497896
476,2025-03-13 11:53:30,-46844.92929359244,-50678.5709690126,-47764.54093356092,-43279.98516281512
477,2025-03-13 11:56:10,-47014.35697872899,-50861.77370010504,-47937.480665703784,-43436.44852941176
478,2025-03-13 11:58:50,-47204.46957064076,-51068.48693539916,-48130.65556066176,-43611.813090861346
479,2025-03-13 12:01:29,-47381.57366071428,-51259.95532431723,-48311.36633403361,-43775.438222163866
480,2025-03-13 12:04:09,-47568.8700105042,-51462.11518513656,-48502.42670036765,-43948.764607405465
481,2025-03-13 12:06:50,-47763.73082983193,-51672.69491859244,-48701.32933954832,-44128.80481880252
482,2025-03-13 12:09:30,-47902.81529017857,-51823.09601496849,-48843.25150997899,-44257.2745207458
483,2025-03-13 12:12:11,-48139.28098739496,-52080.37975971639,-49083.36072085084,-44475.393251050424
484,2025-03-13 12:14:51,-48247.32270877101,-52196.77501313025,-49193.77353597689,-44575.39115021008
485,2025-03-13 12:17:31,-48476.24149816176,-52443.308265493695,-49427.7756039916,-44787.28627232143
486,2025-03-13 12:20:12,-48689.107274159665,-52674.57431722689,-49644.13419117647,-44983.73316045168
487,2025-03-13 12:22:52,-48858.36731880252,-52857.364298844535,-49817.10386029412,-45140.062565651264
488,2025-03-13 12:25:33,-49059.078190651264,-53074.664390756305,-50021.34063156512,-45325.68766412815
489,2025-03-13 12:28:13,-49174.166163340335,-53199.91357011555,-50138.54273897059,-45431.56870404412
490,2025-03-13 12:30:53,-49366.89328387605,-53408.25649947479,-50334.980403098736,-45609.801109506305
491,2025-03-13 12:33:34,-49597.781053046216,-53658.7322085084,-50570.06476496849,-45822.851102941175
492,2025-03-13 12:36:15,-49787.692817752104,-53862.443244485294,-50764.473115808825,-45999.04119616596
493,2025-03-13 12:38:55,-49942.95489758404,-54030.53282563025,-50922.77543986344,-46142.40099789916
494,2025-03-13 12:41:36,-50163.26267069328,-54269.94439338235,-51146.892857142855,-46345.52448792017
495,2025-03-13 12:44:16,-50289.41609768908,-54404.908318014706,-51276.13740808824,-46462.75098476891
496,2025-03-13 12:46:57,-50516.14571297269,-54652.64160976891,-51506.1712184874,-46671.25049238445
497,2025-03-13 12:49:37,-50682.572282037814,-54832.65398503151,-51675.79201680672,-46825.09230567227
498,2025-03-13 12:52:18,-50864.357011554624,-55026.71402310924,-51862.35556722689,-46994.08688944328
499,2025-03-13 12:54:58,-51068.11951811975,-55249.01749606092,-52069.13721113445,-47181.67830882353
500,2025-03-13 12:57:37,-51231.386521796216,-55425.65917148109,-52235.69130777311,-47332.44892331933
